<?xml version="1.0"?>
<manifest identifier="A230_Manifest" version="1.1"
          xmlns="http://www.imsproject.org/xsd/imscp_rootv1p1p2"
          xmlns:adlcp="http://www.adlnet.org/xsd/adlcp_rootv1p2"
          xmlns:xsi="http://www.w3.org/2001/XMLSchema-instance"
          xsi:schemaLocation="http://www.imsproject.org/xsd/imscp_rootv1p1p2 imscp_rootv1p1p2.xsd
                              http://www.imsglobal.org/xsd/imsmd_rootv1p2p1 imsmd_rootv1p2p1.xsd
                              http://www.adlnet.org/xsd/adlcp_rootv1p2 adlcp_rootv1p2.xsd">
   <organizations default="ORGA230F">

      <organization identifier="ORGA230F">

         <title>Sensibilisation a la securite</title>

         <item identifier="A230F_I01" identifierref="RA230F_S01"  isvisible="true">
            <title>Sensibilisation a la securite</title>
            <metadata>
               <schema>ADL SCORM</schema>
               <schemaversion>1.2</schemaversion>
            </metadata>
		 </item>
         <metadata>
            <schema>ADL SCORM</schema>
            <schemaversion>1.2</schemaversion>
         </metadata>
      </organization>
   </organizations>
   <resources>

      <resource identifier="RA230F_S01" type="webcontent" adlcp:scormtype="sco" href="index_en.html">
         <metadata>
            <schema>ADL SCORM</schema>
            <schemaversion>1.2</schemaversion>
         </metadata>
         <file href="index_en.html" />
      </resource>
   </resources>
</manifest>
